query,rolname,calls,mean_time,min_time,max_time,total_time,rows_read,cache_hit_rate,prop_total_time,index_advisor_result
SELECT name FROM pg_timezone_names,authenticator,58,190.350289413793,52.556085,1551.930919,11040.316786,69252,0,49.86302861667183,null
"with table_privileges as (
-- Despite the name `table_privileges`, this includes other kinds of relations:
-- views, matviews, etc. ""Relation privileges"" just doesn't roll off the tongue.
--
-- For each relation, get its relacl in a jsonb format,
-- e.g.
--
-- '{postgres=arwdDxt/postgres}'
--
-- becomes
--
-- [
--   {
--     ""grantee"": ""postgres"",
--     ""grantor"": ""postgres"",
--     ""is_grantable"": false,
--     ""privilege_type"": ""INSERT""
--   },
--   ...
-- ]
select
  c.oid as relation_id,
  nc.nspname as schema,
  c.relname as name,
  case
    when c.relkind = $1 then $2
    when c.relkind = $3 then $4
    when c.relkind = $5 then $6
    when c.relkind = $7 then $8
    when c.relkind = $9 then $10
  end as kind,
  coalesce(
    jsonb_agg(
      jsonb_build_object(
        $11, grantor.rolname,
        $12, grantee.rolname,
        $13, _priv.privilege_type,
        $14, _priv.is_grantable
      )
    ) filter (where _priv is not null),
    $15
  ) as privileges
from pg_class c
join pg_namespace as nc
  on nc.oid = c.relnamespace
left join lateral (
  select grantor, grantee, privilege_type, is_grantable
  from aclexplode(coalesce(c.relacl, acldefault($16, c.relowner)))
) as _priv on $17
left join pg_roles as grantor
  on grantor.oid = _priv.grantor
left join (
  select
    pg_roles.oid,
    pg_roles.rolname
  from pg_roles
  union all
  select
    ($18)::oid as oid, $19
) as grantee (oid, rolname)
  on grantee.oid = _priv.grantee
where c.relkind in ($20, $21, $22, $23, $24)
  and not pg_is_other_temp_schema(c.relnamespace)
  and (
    pg_has_role(c.relowner, $25)
    or has_table_privilege(
      c.oid,
      $26
      || case when current_setting($27)::int4 >= $28 then $29 else $30 end
    )
    or has_any_column_privilege(c.oid, $31)
  )
group by
  c.oid,
  nc.nspname,
  c.relname,
  c.relkind
)
select *
from table_privileges
 where schema NOT IN ($32,$33,$34)

-- source: dashboard
-- user: 3d7cbb6d-4955-4dde-a481-2dc774243a02
-- date: 2026-01-18T14:05:58.734Z",postgres,16,198.18332725,74.886523,250.841348,3170.933236,608,100.0000000000000000,14.321358503835945,null
"with f as (
      
-- CTE with sane arg_modes, arg_names, and arg_types.
-- All three are always of the same length.
-- All three include all args, including OUT and TABLE args.
with functions as (
  select
    *,
    -- proargmodes is null when all arg modes are IN
    coalesce(
      p.proargmodes,
      array_fill($1::text, array[cardinality(coalesce(p.proallargtypes, p.proargtypes))])
    ) as arg_modes,
    -- proargnames is null when all args are unnamed
    coalesce(
      p.proargnames,
      array_fill($2::text, array[cardinality(coalesce(p.proallargtypes, p.proargtypes))])
    ) as arg_names,
    -- proallargtypes is null when all arg modes are IN
    coalesce(p.proallargtypes, p.proargtypes) as arg_types,
    array_cat(
      array_fill($3, array[pronargs - pronargdefaults]),
      array_fill($4, array[pronargdefaults])) as arg_has_defaults
  from
    pg_proc as p
  where
    p.prokind = $5
)
select
  f.oid as id,
  n.nspname as schema,
  f.proname as name,
  l.lanname as language,
  case
    when l.lanname = $6 then $7
    else f.prosrc
  end as definition,
  case
    when l.lanname = $8 then f.prosrc
    else pg_get_functiondef(f.oid)
  end as complete_statement,
  coalesce(f_args.args, $9) as args,
  pg_get_function_arguments(f.oid) as argument_types,
  pg_get_function_identity_arguments(f.oid) as identity_argument_types,
  f.prorettype as return_type_id,
  pg_get_function_result(f.oid) as return_type,
  nullif(rt.typrelid, $10) as return_type_relation_id,
  f.proretset as is_set_returning_function,
  case
    when f.provolatile = $11 then $12
    when f.provolatile = $13 then $14
    when f.provolatile = $15 then $16
  end as behavior,
  f.prosecdef as security_definer,
  f_config.config_params as config_params
from
  functions f
  left join pg_namespace n on f.pronamespace = n.oid
  left join pg_language l on f.prolang = l.oid
  left join pg_type rt on rt.oid = f.prorettype
  left join (
    select
      oid,
      jsonb_object_agg(param, value) filter (where param is not null) as config_params
    from
      (
        select
          oid,
          (string_to_array(unnest(proconfig), $17))[$18] as param,
          (string_to_array(unnest(proconfig), $19))[$20] as value
        from
          functions
      ) as t
    group by
      oid
  ) f_config on f_config.oid = f.oid
  left join (
    select
      oid,
      jsonb_agg(jsonb_build_object(
        $21, t2.mode,
        $22, name,
        $23, type_id,
        -- Cast null into false boolean
        $24, COALESCE(has_default, $25)
      )) as args
    from
      (
        select
          oid,
          unnest(arg_modes) as mode,
          unnest(arg_names) as name,
          -- Coming from: coalesce(p.proallargtypes, p.proargtypes) postgres won't automatically assume
          -- integer, we need to cast it to be properly parsed
          unnest(arg_types)::int8 as type_id,
          unnest(arg_has_defaults) as has_default
        from
          functions
      ) as t1,
      lateral (
        select
          case
            when t1.mode = $26 then $27
            when t1.mode = $28 then $29
            when t1.mode = $30 then $31
            when t1.mode = $32 then $33
            else $34
          end as mode
      ) as t2
    group by
      t1.oid
  ) f_args on f_args.oid = f.oid

    )
    select
      f.*
    from f
   where schema NOT IN ($35,$36,$37)

-- source: dashboard
-- user: 3d7cbb6d-4955-4dde-a481-2dc774243a02
-- date: 2026-01-18T14:04:42.062Z",postgres,4,404.62282225,312.06854,507.889429,1618.491289,452,100.0000000000000000,7.309833496949903,null
"WITH
-- Recursively get the base types of domains
base_types AS (
  WITH RECURSIVE
  recurse AS (
    SELECT
      oid,
      typbasetype,
      typnamespace AS base_namespace,
      COALESCE(NULLIF(typbasetype, $3), oid) AS base_type
    FROM pg_type
    UNION
    SELECT
      t.oid,
      b.typbasetype,
      b.typnamespace AS base_namespace,
      COALESCE(NULLIF(b.typbasetype, $4), b.oid) AS base_type
    FROM recurse t
    JOIN pg_type b ON t.typbasetype = b.oid
  )
  SELECT
    oid,
    base_namespace,
    base_type
  FROM recurse
  WHERE typbasetype = $5
),
arguments AS (
  SELECT
    oid,
    array_agg((
      COALESCE(name, $6), -- name
      type::regtype::text, -- type
      CASE type
        WHEN $7::regtype THEN $8
        WHEN $9::regtype THEN $10
        WHEN $11::regtype THEN $12
        WHEN $13::regtype THEN $14
        ELSE type::regtype::text
      END, -- convert types that ignore the length and accept any value till maximum size
      idx <= (pronargs - pronargdefaults), -- is_required
      COALESCE(mode = $15, $16) -- is_variadic
    ) ORDER BY idx) AS args,
    CASE COUNT(*) - COUNT(name) -- number of unnamed arguments
      WHEN $17 THEN $18
      WHEN $19 THEN (array_agg(type))[$20] IN ($21::regtype, $22::regtype, $23::regtype, $24::regtype, $25::regtype)
      ELSE $26
    END AS callable
  FROM pg_proc,
       unnest(proargnames, proargtypes, proargmodes)
         WITH ORDINALITY AS _ (name, type, mode, idx)
  WHERE type IS NOT NULL -- only input arguments
  GROUP BY oid
)
SELECT
  pn.nspname AS proc_schema,
  p.proname AS proc_name,
  d.description AS proc_description,
  COALESCE(a.args, $27) AS args,
  tn.nspname AS schema,
  COALESCE(comp.relname, t.typname) AS name,
  p.proretset AS rettype_is_setof,
  (t.typtype = $28
   -- if any TABLE, INOUT or OUT arguments present, treat as composite
   or COALESCE(proargmodes::text[] && $29, $30)
  ) AS rettype_is_composite,
  bt.oid <> bt.base_type as rettype_is_composite_alias,
  p.provolatile,
  p.provariadic > $31 as hasvariadic,
  lower((regexp_split_to_array((regexp_split_to_array(iso_config, $32))[$33], $34))[$35]) AS transaction_isolation_level,
  coalesce(func_settings.kvs, $36) as kvs
FROM pg_proc p
LEFT JOIN arguments a ON a.oid = p.oid
JOIN pg_namespace pn ON pn.oid = p.pronamespace
JOIN base_types bt ON bt.oid = p.prorettype
JOIN pg_type t ON t.oid = bt.base_type
JOIN pg_namespace tn ON tn.oid = t.typnamespace
LEFT JOIN pg_class comp ON comp.oid = t.typrelid
LEFT JOIN pg_description as d ON d.objoid = p.oid AND d.classoid = $37::regclass
LEFT JOIN LATERAL unnest(proconfig) iso_config ON iso_config LIKE $38
LEFT JOIN LATERAL (
  SELECT
    array_agg(row(
      substr(setting, $39, strpos(setting, $40) - $41),
      substr(setting, strpos(setting, $42) + $43)
    )) as kvs
  FROM unnest(proconfig) setting
  WHERE setting ~ ANY($2)
) func_settings ON $44
WHERE t.oid <> $45::regtype AND COALESCE(a.callable, $46)
AND prokind = $47
AND p.pronamespace = ANY($1::regnamespace[])",authenticator,58,23.5791364655173,18.397039,98.781455,1367.589915,58,99.8866032916838881,6.17665021659432,null
"SELECT
  e.name,
  n.nspname AS schema,
  e.default_version,
  x.extversion AS installed_version,
  e.comment
FROM
  pg_available_extensions() e(name, default_version, comment)
  LEFT JOIN pg_extension x ON e.name = x.extname
  LEFT JOIN pg_namespace n ON x.extnamespace = n.oid
WHERE
  $1",postgres,29,32.9521581724138,2.132414,255.021779,955.612587,2262,100.0000000000000000,4.315975591611326,null
"-- postgres-migrations disable-transaction
CREATE UNIQUE INDEX CONCURRENTLY IF NOT EXISTS idx_name_bucket_level_unique on storage.objects (name COLLATE ""C"", bucket_id, level)",supabase_storage_admin,1,815.077101,815.077101,815.077101,815.077101,0,100.0000000000000000,3.681254224832976,null
select setting from pg_config where name = $1,supabase_admin,873,0.397656594501718,0.04315,1.790811,347.154207,873,0,1.5679042996293076,null
"with base_table_info as ( select c.oid::int8 as id, nc.nspname as schema, c.relname as name, c.relkind, c.relrowsecurity as rls_enabled, c.relforcerowsecurity as rls_forced, c.relreplident, c.relowner, obj_description(c.oid) as comment, fs.srvname as foreign_server_name, fdw.fdwname as foreign_data_wrapper_name, fdw_handler.proname as foreign_data_wrapper_handler from pg_class c join pg_namespace nc on nc.oid = c.relnamespace left join pg_foreign_table ft on ft.ftrelid = c.oid left join pg_foreign_server fs on fs.oid = ft.ftserver left join pg_foreign_data_wrapper fdw on fdw.oid = fs.srvfdw left join pg_proc fdw_handler on fdw.fdwhandler = fdw_handler.oid where c.oid = $1 and not pg_is_other_temp_schema(nc.oid) and ( pg_has_role(c.relowner, $2) or has_table_privilege( c.oid, $3 ) or has_any_column_privilege(c.oid, $4) ) ), table_stats as ( select b.id, case when b.relreplident = $5 then $6 when b.relreplident = $7 then $8 when b.relreplident = $9 then $10 else $11 end as replica_identity, pg_total_relation_size(format($12, b.schema, b.name))::int8 as bytes, pg_size_pretty(pg_total_relation_size(format($13, b.schema, b.name))) as size, pg_stat_get_live_tuples(b.id) as live_rows_estimate, pg_stat_get_dead_tuples(b.id) as dead_rows_estimate from base_table_info b where b.relkind in ($14, $15) ), primary_keys as ( select i.indrelid as table_id, jsonb_agg( jsonb_build_object( $16, n.nspname, $17, c.relname, $18, i.indrelid::int8, $19, a.attname ) order by array_position(i.indkey, a.attnum) ) as primary_keys from pg_index i join pg_class c on i.indrelid = c.oid join pg_namespace n on c.relnamespace = n.oid join pg_attribute a on a.attrelid = c.oid and a.attnum = any(i.indkey) where i.indisprimary group by i.indrelid ), index_cols as ( select i.indrelid as table_id, i.indkey, array_agg( a.attname order by array_position(i.indkey, a.attnum) ) as columns from pg_index i join pg_class c on i.indrelid = c.oid join pg_attribute a on a.attrelid = c.oid and a.attnum = any(i.indkey) where i.indisunique and i.indisprimary = $20 group by i.indrelid, i.indkey ), unique_indexes as ( select ic.table_id, jsonb_agg( jsonb_build_object( $21, n.nspname, $22, c.relname, $23, ic.table_id::int8, $24, ic.columns ) ) as unique_indexes from index_cols ic join pg_class c on c.oid = ic.table_id join pg_namespace n on n.oid = c.relnamespace group by ic.table_id ), relationships as ( select c.conrelid as source_id, c.confrelid as target_id, jsonb_build_object( $25, c.oid::int8, $26, c.conname, $27, c.confdeltype, $28, c.confupdtype, $29, nsa.nspname, $30, csa.relname, $31, sa.attname, $32, nta.nspname, $33, cta.relname, $34, ta.attname ) as rel_info from pg_constraint c join pg_class csa on c.conrelid = csa.oid join pg_namespace nsa on csa.relnamespace = nsa.oid join pg_attribute sa on (sa.attrelid = c.conrelid and sa.attnum = any(c.conkey)) join pg_class cta on c.confrelid = cta.oid join pg_namespace nta on cta.relnamespace = nta.oid join pg_attribute ta on (ta.attrelid = c.confrelid and ta.attnum = any(c.confkey)) where c.contype = $35 ), columns as ( select a.attrelid as table_id, jsonb_agg(jsonb_build_object( $36, (a.attrelid || $37 || a.attnum), $38, c.oid::int8, $39, nc.nspname, $40, c.relname, $41, a.attnum, $42, a.attname, $43, case when a.atthasdef then pg_get_expr(ad.adbin, ad.adrelid) else $44 end, $45, case when t.typtype = $46 then case when bt.typelem <> $47::oid and bt.typlen = $48 then $49 when nbt.nspname = $50 then format_type(t.typbasetype, $51) else $52 end else case when t.typelem <> $53::oid and t.typlen = $54 then $55 when nt.nspname = $56 then format_type(a.atttypid, $57) else $58 end end, $59, case when t.typtype = $60 then case when nt.nspname <> $61 then concat(nt.nspname, $62, coalesce(bt.typname, t.typname)) else coalesce(bt.typname, t.typname) end else coalesce(bt.typname, t.typname) end, $63, a.attidentity in ($64, $65), $66, case a.attidentity when $67 then $68 when $69 then $70 else $71 end, $72, a.attgenerated in ($73), $74, not (a.attnotnull or t.typtype = $75 and t.typnotnull), $76, ( b.relkind in ($77, $78) or (b.relkind in ($79, $80) and pg_column_is_updatable(b.id, a.attnum, $81)) ), $82, uniques.table_id is not null, $83, check_constraints.definition, $84, col_description(c.oid, a.attnum), $85, coalesce( ( select jsonb_agg(e.enumlabel order by e.enumsortorder) from pg_catalog.pg_enum e where e.enumtypid = coalesce(bt.oid, t.oid) or e.enumtypid = coalesce(bt.typelem, t.typelem) ), $86::jsonb ) ) order by a.attnum) as columns from pg_attribute a join base_table_info b on a.attrelid = b.id join pg_class c on a.attrelid = c.oid join pg_namespace nc on c.relnamespace = nc.oid left join pg_attrdef ad on (a.attrelid = ad.adrelid and a.attnum = ad.adnum) join pg_type t on a.atttypid = t.oid join pg_namespace nt on t.typnamespace = nt.oid left join pg_type bt on (t.typtype = $87 and t.typbasetype = bt.oid) left join pg_namespace nbt on bt.typnamespace = nbt.oid left join ( select conrelid as table_id, conkey[$88] as ordinal_position from pg_catalog.pg_constraint where contype = $89 and cardinality(conkey) = $90 group by conrelid, conkey[1] ) as uniques on uniques.table_id = a.attrelid and uniques.ordinal_position = a.attnum left join ( select distinct on (conrelid, conkey[1]) conrelid as table_id, conkey[$91] as ordinal_position, substring( pg_get_constraintdef(oid, $92), $93, length(pg_get_constraintdef(oid, $94)) - $95 ) as definition from pg_constraint where contype = $96 and cardinality(conkey) = $97 order by conrelid, conkey[1], oid asc ) as check_constraints on check_constraints.table_id = a.attrelid and check_constraints.ordinal_position = a.attnum where a.attnum > $98 and not a.attisdropped group by a.attrelid ) select case b.relkind when $99 then jsonb_build_object( $100, b.relkind, $101, b.id, $102, b.schema, $103, b.name, $104, b.rls_enabled, $105, b.rls_forced, $106, ts.replica_identity, $107, ts.bytes, $108, ts.size, $109, ts.live_rows_estimate, $110, ts.dead_rows_estimate, $111, b.comment, $112, coalesce(pk.primary_keys, $113::jsonb), $114, coalesce(ui.unique_indexes, $115::jsonb), $116, coalesce( (select jsonb_agg(r.rel_info) from relationships r where r.source_id = b.id or r.target_id = b.id), $117::jsonb ), $118, coalesce(c.columns, $119::jsonb) ) when $120 then jsonb_build_object( $121, b.relkind, $122, b.id, $123, b.schema, $124, b.name, $125, b.rls_enabled, $126, b.rls_forced, $127, ts.replica_identity, $128, ts.bytes, $129, ts.size, $130, ts.live_rows_estimate, $131, ts.dead_rows_estimate, $132, b.comment, $133, coalesce(pk.primary_keys, $134::jsonb), $135, coalesce(ui.unique_indexes, $136::jsonb), $137, coalesce( (select jsonb_agg(r.rel_info) from relationships r where r.source_id = b.id or r.target_id = b.id), $138::jsonb ), $139, coalesce(c.columns, $140::jsonb) ) when $141 then jsonb_build_object( $142, b.relkind, $143, b.id, $144, b.schema, $145, b.name, $146, (pg_relation_is_updatable(b.id, $147) & $148) = $149, $150, b.comment, $151, coalesce(c.columns, $152::jsonb) ) when $153 then jsonb_build_object( $154, b.relkind, $155, b.id, $156, b.schema, $157, b.name, $158, $159, $160, b.comment, $161, coalesce(c.columns, $162::jsonb) ) when $163 then jsonb_build_object( $164, b.relkind, $165, b.id, $166, b.schema, $167, b.name, $168, b.comment, $169, b.foreign_server_name, $170, b.foreign_data_wrapper_name, $171, b.foreign_data_wrapper_handler, $172, coalesce(c.columns, $173::jsonb) ) end as entity from base_table_info b left join table_stats ts on b.id = ts.id left join primary_keys pk on b.id = pk.table_id left join unique_indexes ui on b.id = ui.table_id left join columns c on b.id = c.table_id",postgres,22,15.3137541363636,7.799495,75.112425,336.902591,22,100.0000000000000000,1.5216033979537917,null
"do $$
    declare
        tbl record;
        seq_name text;
        new_seq_name text;
        archive_table_name text;
    begin
        -- No tables should be owned by the extension.
        -- We want them to be included in logical backups
        for tbl in
            select c.relname as table_name
            from pg_class c
              join pg_depend d
                on c.oid = d.objid
              join pg_extension e
                on d.refobjid = e.oid
            where
              c.relkind in ('r', 'p', 'u')
              and e.extname = 'pgmq'
              and (c.relname like 'q\_%' or c.relname like 'a\_%')
        loop
          execute format('
            alter extension pgmq drop table pgmq.""%s"";',
            tbl.table_name
          );
        end loop;
    end $$",supabase_admin,6,49.3756178333333,5.61249,73.135834,296.253707,0,100.0000000000000000,1.338014783114586,null
"CREATE OR REPLACE FUNCTION pg_temp.count_estimate(
    query text
) RETURNS integer LANGUAGE plpgsql AS $$
DECLARE
    plan jsonb;
BEGIN
    EXECUTE 'EXPLAIN (FORMAT JSON)' || query INTO plan;
    RETURN plan->0->'Plan'->'Plan Rows';
END;
$$",postgres,25,11.7430556,2.482192,48.887932,293.57639,0,99.9777481085892301,1.3259228172068516,null
"INSERT INTO ""refresh_tokens"" (""created_at"", ""instance_id"", ""parent"", ""revoked"", ""session_id"", ""token"", ""updated_at"", ""user_id"") VALUES ($1, $2, $3, $4, $5, $6, $7, $8) returning id",supabase_auth_admin,65,4.28181227692308,0.079341,21.976958,278.317798,65,99.9603332011106704,1.2570081633709282,null
"INSERT INTO ""sessions"" (""aal"", ""created_at"", ""factor_id"", ""id"", ""ip"", ""not_after"", ""oauth_client_id"", ""refresh_token_counter"", ""refresh_token_hmac_key"", ""refreshed_at"", ""scopes"", ""tag"", ""updated_at"", ""user_agent"", ""user_id"") VALUES ($1, $2, $3, $4, $5, $6, $7, $8, $9, $10, $11, $12, $13, $14, $15)",supabase_auth_admin,53,4.56277573584906,0.072137,18.418175,241.827114,53,99.9742068609749807,1.092199847105833,null
"-- postgres-migrations disable-transaction
CREATE UNIQUE INDEX CONCURRENTLY IF NOT EXISTS ""objects_bucket_id_level_idx""
    ON ""storage"".""objects"" (""bucket_id"", level, ""name"" COLLATE ""C"")",supabase_storage_admin,1,216.206602,216.206602,216.206602,216.206602,0,100.0000000000000000,0.9764861091948179,null
"WITH
-- Recursively get the base types of domains
base_types AS (
  WITH RECURSIVE
  recurse AS (
    SELECT
      oid,
      typbasetype,
      typnamespace AS base_namespace,
      COALESCE(NULLIF(typbasetype, $2), oid) AS base_type
    FROM pg_type
    UNION
    SELECT
      t.oid,
      b.typbasetype,
      b.typnamespace AS base_namespace,
      COALESCE(NULLIF(b.typbasetype, $3), b.oid) AS base_type
    FROM recurse t
    JOIN pg_type b ON t.typbasetype = b.oid
  )
  SELECT
    oid,
    base_namespace,
    base_type
  FROM recurse
  WHERE typbasetype = $4
),
columns AS (
    SELECT
        c.oid AS relid,
        a.attname::name AS column_name,
        d.description AS description,
        -- typbasetype and typdefaultbin handles `CREATE DOMAIN .. DEFAULT val`,  attidentity/attgenerated handles generated columns, pg_get_expr gets the default of a column
        CASE
          WHEN (t.typbasetype != $5) AND (ad.adbin IS NULL) THEN pg_get_expr(t.typdefaultbin, $6)
          WHEN a.attidentity  = $7 THEN format($8, seq.objid::regclass)
          WHEN a.attgenerated = $9 THEN $10
          ELSE pg_get_expr(ad.adbin, ad.adrelid)::text
        END AS column_default,
        not (a.attnotnull OR t.typtype = $11 AND t.typnotnull) AS is_nullable,
        CASE
            WHEN t.typtype = $12 THEN
            CASE
                WHEN bt.base_namespace = $13::regnamespace THEN format_type(bt.base_type, $14::integer)
                ELSE format_type(a.atttypid, a.atttypmod)
            END
            ELSE
            CASE
                WHEN t.typnamespace = $15::regnamespace THEN format_type(a.atttypid, $16::integer)
                ELSE format_type(a.atttypid, a.atttypmod)
            END
        END::text AS data_type,
        format_type(a.atttypid, a.atttypmod)::text AS nominal_data_type,
        information_schema._pg_char_max_length(
            information_schema._pg_truetypid(a.*, t.*),
            information_schema._pg_truetypmod(a.*, t.*)
        )::integer AS character_maximum_length,
        bt.base_type,
        a.attnum::integer AS position
    FROM pg_attribute a
        LEFT JOIN pg_description AS d
            ON d.objoid = a.attrelid and d.objsubid = a.attnum and d.classoid = $17::regclass
        LEFT JOIN pg_attrdef ad
            ON a.attrelid = ad.adrelid AND a.attnum = ad.adnum
        JOIN pg_class c
            ON a.attrelid = c.oid
        JOIN pg_type t
            ON a.atttypid = t.oid
        LEFT JOIN base_types bt
            ON t.oid = bt.oid
        LEFT JOIN pg_depend seq
            ON seq.refobjid = a.attrelid and seq.refobjsubid = a.attnum and seq.deptype = $18
    WHERE
        NOT pg_is_other_temp_schema(c.relnamespace)
        AND a.attnum > $19
        AND NOT a.attisdropped
        AND c.relkind in ($20, $21, $22, $23, $24)
        AND c.relnamespace = ANY($1::regnamespace[])
),
columns_agg AS (
  SELECT
    relid,
    array_agg(row(
      column_name,
      description,
      is_nullable::boolean,
      data_type,
      nominal_data_type,
      character_maximum_length,
      column_default,
      coalesce(
        (SELECT array_agg(enumlabel ORDER BY enumsortorder) FROM pg_enum WHERE enumtypid = base_type),
        $25
      )
    ) order by position) as columns
  FROM columns
  GROUP BY relid
),
tbl_pk_cols AS (
  SELECT
    r.oid AS relid,
    array_agg(a.attname ORDER BY a.attname) AS pk_cols
  FROM pg_class r
  JOIN pg_constraint c
    ON r.oid = c.conrelid
  JOIN pg_attribute a
    ON a.attrelid = r.oid AND a.attnum = ANY (c.conkey)
  WHERE
    c.contype in ($26)
    AND r.relkind IN ($27, $28)
    AND r.relnamespace NOT IN ($29::regnamespace, $30::regnamespace)
    AND NOT pg_is_other_temp_schema(r.relnamespace)
    AND NOT a.attisdropped
  GROUP BY r.oid
)
SELECT
  n.nspname AS table_schema,
  c.relname AS table_name,
  d.description AS table_description,
  c.relkind IN ($31,$32) as is_view,
  (
    c.relkind IN ($33,$34)
    OR (
      c.relkind in ($35,$36)
      -- The function `pg_relation_is_updateable` returns a bitmask where 8
      -- corresponds to `1 << CMD_INSERT` in the PostgreSQL source code, i.e.
      -- it's possible to insert into the relation.
      AND (pg_relation_is_updatable(c.oid::regclass, $37) & $38) = $39
    )
  ) AS insertable,
  (
    c.relkind IN ($40,$41)
    OR (
      c.relkind in ($42,$43)
      -- CMD_UPDATE
      AND (pg_relation_is_updatable(c.oid::regclass, $44) & $45) = $46
    )
  ) AS updatable,
  (
    c.relkind IN ($47,$48)
    OR (
      c.relkind in ($49,$50)
      -- CMD_DELETE
      AND (pg_relation_is_updatable(c.oid::regclass, $51) & $52) = $53
    )
  ) AS deletable,
  coalesce(tpks.pk_cols, $54) as pk_cols,
  coalesce(cols_agg.columns, $55) as columns
FROM pg_class c
JOIN pg_namespace n ON n.oid = c.relnamespace
LEFT JOIN pg_description d on d.objoid = c.oid and d.objsubid = $56 and d.classoid = $57::regclass
LEFT JOIN tbl_pk_cols tpks ON c.oid = tpks.relid
LEFT JOIN columns_agg cols_agg ON c.oid = cols_agg.relid
WHERE c.relkind IN ($58,$59,$60,$61,$62)
AND c.relnamespace NOT IN ($63::regnamespace, $64::regnamespace)
AND not c.relispartition
ORDER BY table_schema, table_name",authenticator,58,3.49894937931034,1.259674,31.738337,202.939064,2031,99.8566669249244596,0.9165639493700483,null
"with tables as (
SELECT
  c.oid :: int8 AS id,
  nc.nspname AS schema,
  c.relname AS name,
  c.relrowsecurity AS rls_enabled,
  c.relforcerowsecurity AS rls_forced,
  CASE
    WHEN c.relreplident = $1 THEN $2
    WHEN c.relreplident = $3 THEN $4
    WHEN c.relreplident = $5 THEN $6
    ELSE $7
  END AS replica_identity,
  pg_total_relation_size(format($8, nc.nspname, c.relname)) :: int8 AS bytes,
  pg_size_pretty(
    pg_total_relation_size(format($9, nc.nspname, c.relname))
  ) AS size,
  pg_stat_get_live_tuples(c.oid) AS live_rows_estimate,
  pg_stat_get_dead_tuples(c.oid) AS dead_rows_estimate,
  obj_description(c.oid) AS comment,
  coalesce(pk.primary_keys, $10) as primary_keys,
  coalesce(
    jsonb_agg(relationships) filter (where relationships is not null),
    $11
  ) as relationships
FROM
  pg_namespace nc
  JOIN pg_class c ON nc.oid = c.relnamespace
  left join (
    select
      c.oid::int8 as table_id,
      jsonb_agg(
        jsonb_build_object(
          $12, c.oid::int8,
          $13, n.nspname,
          $14, c.relname,
          $15, a.attname
        )
        order by array_position(i.indkey, a.attnum)
      ) as primary_keys
    from
      pg_index i
      join pg_class c on i.indrelid = c.oid
      join pg_namespace n on c.relnamespace = n.oid
      join pg_attribute a on a.attrelid = c.oid and a.attnum = any(i.indkey)
    where
      i.indisprimary
    group by c.oid
  ) as pk
  on pk.table_id = c.oid
  left join (
    select
      c.oid :: int8 as id,
      c.conname as constraint_name,
      nsa.nspname as source_schema,
      csa.relname as source_table_name,
      sa.attname as source_column_name,
      nta.nspname as target_table_schema,
      cta.relname as target_table_name,
      ta.attname as target_column_name
    from
      pg_constraint c
    join (
      pg_attribute sa
      join pg_class csa on sa.attrelid = csa.oid
      join pg_namespace nsa on csa.relnamespace = nsa.oid
    ) on sa.attrelid = c.conrelid and sa.attnum = any (c.conkey)
    join (
      pg_attribute ta
      join pg_class cta on ta.attrelid = cta.oid
      join pg_namespace nta on cta.relnamespace = nta.oid
    ) on ta.attrelid = c.confrelid and ta.attnum = any (c.confkey)
    where
      c.contype = $16
  ) as relationships
  on (relationships.source_schema = nc.nspname and relationships.source_table_name = c.relname)
  or (relationships.target_table_schema = nc.nspname and relationships.target_table_name = c.relname)
WHERE
  c.relkind IN ($17, $18)
  AND NOT pg_is_other_temp_schema(nc.oid)
  AND (
    pg_has_role(c.relowner, $19)
    OR has_table_privilege(
      c.oid,
      $20
    )
    OR has_any_column_privilege(c.oid, $21)
  )
group by
  c.oid,
  c.relname,
  c.relrowsecurity,
  c.relforcerowsecurity,
  c.relreplident,
  nc.nspname,
  pk.primary_keys
)
  , columns as (
-- Adapted from information_schema.columns

SELECT
  c.oid :: int8 AS table_id,
  nc.nspname AS schema,
  c.relname AS table,
  (c.oid || $22 || a.attnum) AS id,
  a.attnum AS ordinal_position,
  a.attname AS name,
  CASE
    WHEN a.atthasdef THEN pg_get_expr(ad.adbin, ad.adrelid)
    ELSE $23
  END AS default_value,
  CASE
    WHEN t.typtype = $24 THEN CASE
      WHEN bt.typelem <> $25 :: oid
      AND bt.typlen = $26 THEN $27
      WHEN nbt.nspname = $28 THEN format_type(t.typbasetype, $29)
      ELSE $30
    END
    ELSE CASE
      WHEN t.typelem <> $31 :: oid
      AND t.typlen = $32 THEN $33
      WHEN nt.nspname = $34 THEN format_type(a.atttypid, $35)
      ELSE $36
    END
  END AS data_type,
  COALESCE(bt.typname, t.typname) AS format,
  a.attidentity IN ($37, $38) AS is_identity,
  CASE
    a.attidentity
    WHEN $39 THEN $40
    WHEN $41 THEN $42
    ELSE $43
  END AS identity_generation,
  a.attgenerated IN ($44) AS is_generated,
  NOT (
    a.attnotnull
    OR t.typtype = $45 AND t.typnotnull
  ) AS is_nullable,
  (
    c.relkind IN ($46, $47)
    OR c.relkind IN ($48, $49) AND pg_column_is_updatable(c.oid, a.attnum, $50)
  ) AS is_updatable,
  uniques.table_id IS NOT NULL AS is_unique,
  check_constraints.definition AS ""check"",
  array_to_json(
    array(
      SELECT
        enumlabel
      FROM
        pg_catalog.pg_enum enums
      WHERE
        enums.enumtypid = coalesce(bt.oid, t.oid)
        OR enums.enumtypid = coalesce(bt.typelem, t.typelem)
      ORDER BY
        enums.enumsortorder
    )
  ) AS enums,
  col_description(c.oid, a.attnum) AS comment
FROM
  pg_attribute a
  LEFT JOIN pg_attrdef ad ON a.attrelid = ad.adrelid
  AND a.attnum = ad.adnum
  JOIN (
    pg_class c
    JOIN pg_namespace nc ON c.relnamespace = nc.oid
  ) ON a.attrelid = c.oid
  JOIN (
    pg_type t
    JOIN pg_namespace nt ON t.typnamespace = nt.oid
  ) ON a.atttypid = t.oid
  LEFT JOIN (
    pg_type bt
    JOIN pg_namespace nbt ON bt.typnamespace = nbt.oid
  ) ON t.typtype = $51
  AND t.typbasetype = bt.oid
  LEFT JOIN (
    SELECT DISTINCT ON (table_id, ordinal_position)
      conrelid AS table_id,
      conkey[$52] AS ordinal_position
    FROM pg_catalog.pg_constraint
    WHERE contype = $53 AND cardinality(conkey) = $54
  ) AS uniques ON uniques.table_id = c.oid AND uniques.ordinal_position = a.attnum
  LEFT JOIN (
    -- We only select the first column check
    SELECT DISTINCT ON (table_id, ordinal_position)
      conrelid AS table_id,
      conkey[$55] AS ordinal_position,
      substring(
        pg_get_constraintdef(pg_constraint.oid, $56),
        $57,
        length(pg_get_constraintdef(pg_constraint.oid, $58)) - $59
      ) AS ""definition""
    FROM pg_constraint
    WHERE contype = $60 AND cardinality(conkey) = $61
    ORDER BY table_id, ordinal_position, oid asc
  ) AS check_constraints ON check_constraints.table_id = c.oid AND check_constraints.ordinal_position = a.attnum
WHERE
  NOT pg_is_other_temp_schema(nc.oid)
  AND a.attnum > $62
  AND NOT a.attisdropped
  AND (c.relkind IN ($63, $64, $65, $66, $67))
  AND (
    pg_has_role(c.relowner, $68)
    OR has_column_privilege(
      c.oid,
      a.attnum,
      $69
    )
  )
)
  select
    *
    , 
COALESCE(
  (
    SELECT
      array_agg(row_to_json(columns)) FILTER (WHERE columns.table_id = tables.id)
    FROM
      columns
  ),
  $70
) AS columns
  from tables where name = $71 and schema = $72",postgres,3,64.670249,49.67998,74.34356,194.010747,3,100.0000000000000000,0.8762396602487199,null
"CREATE OR REPLACE FUNCTION realtime.send(payload jsonb, event text, topic text, private boolean DEFAULT true ) RETURNS void
AS $$
BEGIN
  BEGIN
    -- Set the topic configuration
    EXECUTE format('SET LOCAL realtime.topic TO %L', topic);

    -- Attempt to insert the message
    INSERT INTO realtime.messages (payload, event, topic, private, extension)
    VALUES (payload, event, topic, private, 'broadcast');
  EXCEPTION
    WHEN OTHERS THEN
      -- Capture and notify the error
      PERFORM pg_notify(
          'realtime:system',
          jsonb_build_object(
              'error', SQLERRM,
              'function', 'realtime.send',
              'event', event,
              'topic', topic,
              'private', private
          )::text
      );
  END;
END;
$$
LANGUAGE plpgsql",supabase_admin,1,190.869728,190.869728,190.869728,190.869728,0,100.0000000000000000,0.8620534078686145,null
"CREATE OR REPLACE FUNCTION realtime.send(payload jsonb, event text, topic text, private boolean DEFAULT true ) RETURNS void
AS $$
BEGIN
  BEGIN
    -- Set the topic configuration
    EXECUTE format('SET LOCAL realtime.topic TO %L', topic);

    -- Attempt to insert the message
    INSERT INTO realtime.messages (payload, event, topic, private, extension)
    VALUES (payload, event, topic, private, 'broadcast');
  EXCEPTION
    WHEN OTHERS THEN
      -- Capture and notify the error
      RAISE WARNING 'ErrorSendingBroadcastMessage: %', SQLERRM;
  END;
END;
$$
LANGUAGE plpgsql",supabase_admin,1,169.856094,169.856094,169.856094,169.856094,0,100.0000000000000000,0.7671463998730681,null
"DO $$
DECLARE
  r RECORD;
BEGIN
FOR r IN
    SELECT pubname FROM pg_publication WHERE pubname LIKE 'realtime_messages%' or pubname LIKE 'supabase_realtime_messages%'
LOOP
    EXECUTE 'DROP PUBLICATION IF EXISTS ' || quote_ident(r.pubname) || ';' ;
END LOOP;
END $$",supabase_admin,1,143.967286,143.967286,143.967286,143.967286,0,96.8750000000000000,0.6502209167390625,null
"with
role_setting as (
  select r.rolname, unnest(r.rolconfig) as setting
  from pg_auth_members m
  join pg_roles r on r.oid = m.roleid
  where member = current_user::regrole::oid
),
kv_settings AS (
  SELECT
    rolname,
    substr(setting, $1, strpos(setting, $2) - $3) as key,
    lower(substr(setting, strpos(setting, $4) + $5)) as value
  FROM role_setting
),
iso_setting AS (
  SELECT rolname, value
  FROM kv_settings
  WHERE key = $6
)
select
  kv.rolname,
  i.value as iso_lvl,
  coalesce(array_agg(row(kv.key, kv.value)) filter (where key <> $7), $8) as role_settings
from kv_settings kv
join pg_settings ps on ps.name = kv.key and (ps.context = $9 or has_parameter_privilege(current_user::regrole::oid, ps.name, $10))
left join iso_setting i on i.rolname = kv.rolname
group by kv.rolname, i.value",authenticator,58,2.39974617241379,1.920976,12.784665,139.185278,116,99.9967221712337747,0.6286232210958069,null
"select set_config('search_path', $1, true), set_config($2, $3, true), set_config('role', $4, true), set_config('request.jwt.claims', $5, true), set_config('request.method', $6, true), set_config('request.path', $7, true), set_config('request.headers', $8, true), set_config('request.cookies', $9, true)",authenticated,505,0.241981205940594,0.021464,10.168302,122.200509,505,100.0000000000000000,0.5519123767323088,null